company_name,website,hq_location,industry,product_category,funding_round,funding_amount_display,funding_amount,funding_date,lead_investor,other_investors,hiring_signal,careers_page,ceo_name,ceo_linkedin,source_url,has_deep_research,has_email_draft,data_source,notes
Alaffia Health,https://alaffiahealth.com,"New York, NY",,,Series B,$55M,55000000,February 2026,Transformation Capital,,"**Plans to expand from 50 to 100 employees by end of 2026**—explicit doubling commitment. Hiring across engineering, product, and growth teams. Founders TJ Ademiluyi (CEO) and Adun Akanni (COO) noted funds will ""accelerate growth, launch new AI agents and increase R&D."" Currently serves health plans",,TJ Ademiluyi,,,False,False,claude_research,
Resolve AI,https://resolve.ai,"San Francisco, CA",,,Series A,$125M,125000000,February 2026,Lightspeed Venture Partners,,"**10+ open positions** on Glassdoor and Built In including Founding Technical Recruiter, Forward Deployed Engineers, Backend Engineers, AI Engineers, Account Executives, Solutions Engineers. Founders Spiros Xanthos and Mayank Agarwal (ex-Splunk, Omnition co-founders) stated funds will ""expand the en",,Spiros Xanthos and,,,False,False,claude_research,
Pomelo Care,https://pomelocare.com,"New York, NY",,,Series C,$92M,92000000,January 2026,Stripes,,"**46 open positions** on Glassdoor, **12-13 jobs** on Wellfound and ZipRecruiter. Roles include AI/ML Data Scientists, Software Engineers, People Operations, Clinical roles (NPs, CNMs), Outbound Enrollment Specialists, Client Support. Founder Marta Bralic raised total of $179M. Company expanding int",,Marta Bralic raised,,,False,False,claude_research,
Cartesia,https://cartesia.ai,,voice AI / cartesia.ai,"Sonic-3 voice synthesis models, emotion detection",Series A,$100M,100000000,2024-09-12,,"Kleiner Perkins, Index Ventures, Lightspeed,NVIDIA","CEO posting about team expansion, hiring worldwide",https://cartesia.ai/careers,Karan Goel,https://www.linkedin.com/in/krandiash,https://www.linkedin.com/posts/krandiash_weve-raised-100m-from-kleiner-perkins-activity-7388968595499728896-0UJn,False,False,vapicon_research,Real-time multimodal intelligence and voice AI
Wispr (Wispr Flow),https://wisprflow.ai,,Voice AI productivity / dictation,,Series A extension,$25M,25000000,2025-11-19,,,"Raised $25M Series A extension in Nov 2025 (total $81M), 40% MoM growth, 100x YoY, 270+ Fortune 500 accounts, funding earmarked for ML/product hiring.",https://wisprflow.ai,,,https://www.prnewswire.com/news-releases/wispr-raises-25m-to-build-its-voice-operating-system-302621858.html,False,False,perplexity,Serial founder; heavy public narrative on “post-keyboard” future and hiring top ML talent.
When,,"Chicago, IL",,,Series A,$10M,10200000,February 2026,"ManchesterStory, 7wire",,"Will use funds to ""**grow its team and expand its offering**."" Founded by Andy Hamilton and Dan Wertheimer. Investors include B Capital, TTV Capital, Alumni Ventures.",,,,,False,False,claude_research,
Glean,,"Palo Alto, CA",,,Series F,$150M,150000000,Dec 2025,Sequoia,,Doubled ARR to $200M in 9 months; 201-500 employees,,,,,False,False,claude_research,
Flora,https://flora.ai,"Brooklyn, NY",,,Series A,$42M,42000000,January 2026,Redpoint Ventures,,"Funding explicitly earmarked for ""**expansion across sales and engineering**."" Currently 11-50 employees. Co-founders Weber Wong (CEO) and Alex Li building professional-grade editing capabilities. Clients include Pentagram, Lionsgate, MSCHF, AKQA, Levi's. Investors include Vercel CEO Guillermo Rauch",,Weber Wong,,,False,True,claude_research,
Baseten Labs,https://baseten.co,"San Francisco, CA",,,Series E,$300M,300000000,January 2026,"IVP, CapitalG | **$5B valuation**",,"Three funding rounds totaling $525M+ in 12 months indicates massive scaling. Nvidia invested $150M. Platform requires ML engineers, infrastructure engineers, DevOps talent. Supports open-source models with optimized tooling and orchestration.",,,,,False,False,claude_research,
Rain,https://rain.com,"New York, NY",,,Series C,$250M,250000000,January 2026,Iconiq | **$1.95B valuation**,,"Active card base increased **30x** in past year; annualized payment volume surged **38x**. $3B+ in annualized transactions for 200+ companies (Western Union, Nuvei, Kast). Founders Farooq Malik and Charles Yoo-Naut expanding into new markets with heavy need for engineering, compliance, and enterpris",,Farooq Malik and,,,False,False,claude_research,
Tandem,,"New York, NY",,,Series B,$100M,100000000,January 2026,Accel,,Significant capital injection for healthcare automation. Founded by Sahir Jaggi (2023). Series B indicates aggressive scaling phase for sales and engineering.,,,,,False,False,claude_research,
Fieldguide,https://fieldguide.io,"San Francisco, CA",,,Series C,$75M,75000000,February 2026,Goldman Sachs Alternatives,,"Series C capital for scaling professional services automation. AI/ML engineering, audit/compliance domain expertise, sales and customer success roles needed.",,,,,False,False,claude_research,
Chamber Cardio,https://chambercardio.com,"Washington, DC",,,Series A,$60M,60000000,February 2026,Frist Cressey Ventures,,"Press release states funding will ""**continue building Chamber's clinical, operational, and technology teams**."" Co-founders George Aloth (CEO) and Sameer Sheth, M.D. (President/CMO) expanding from 500+ cardiologist network across seven states to national presence.",,George Aloth,,,False,False,claude_research,
Sixfold AI,https://sixfold.ai,"New York, NY",,,Series B,$30M,30000000,January 2026,Brewer Lane Ventures,,"""Expanding research and engineering teams"" and ""advancing AI underwriting with autonomous agents."" Co-founders Alex Schmelkin (CEO), Jane Tran (COO, ex-Unqork), Brian Moseley (CTO, ex-Amex). Processed 1M+ submissions for insurers representing **$265B** in gross written premium. Customers include Zur",,Alex Schmelkin,,,False,False,claude_research,
Vapi,https://www.vapi.ai,,voice AI API / vapi.ai,Real-time voice agent deployment,Series A,$20M,20000000,2024-12-12,,"Bessemer Venture Partners, Abstract Ventures","Active developer scale-up, hiring engineering",https://www.ycombinator.com/companies/vapi,Jordan Dearsley,https://www.linkedin.com/in/jordandearsley,https://www.bvp.com/news/our-investment-in-vapi-the-voice-ai-developer-platform,False,False,vapicon_research,Developer platform for voice AI agents
Plug,https://plugmotors.com,"Santa Monica, CA",,,Series A,$20M,20000000,February 2026,Lightspeed,,"**Expanded leadership team announced** with new board members and hires: Andrew Maddox (head of finance), Alexandra Yorke (head of marketing). Founder Jimmy Douglas using capital to ""expand go-to-market capacity across wholesale and retail channels."" Facilitated $60M+ in used EV sales since 2024 lau",,Jimmy Douglas using,,,False,False,claude_research,
XBuild,https://x.build,"San Francisco, CA",,,Series A,$19M,19000000,January 2026,"N47, Rackhouse Ventures, a16z",,"Funds to ""build the first vibe coding estimating platform for all of construction."" Co-founders Jahan Khanna and Rob Moran (former Uber and Postmates execs) scaling into multiple construction verticals: concrete, landscaping, painting, HVAC, plumbing. 15,000+ projects completed ($250M worth).",,Jahan Khanna and,,,False,False,claude_research,
OTTO SPORT AI,https://ottosport.ai,"Minneapolis, MN",,,Seed,$16M,16500000,January 2026,"Mamba Growth Equity, Rally Ventures",,"Funding will ""**accelerate development across the OTTO SPORT AI product suite**"" and ""expand its AI Lab."" Co-founder Luke Zaientz (CEO) building team from SportsEngine, TeamSnap, NCSA, FloSports veterans. New AI-driven tools rolling out throughout 2026.",,Luke Zaientz,,,False,False,claude_research,
Dazzle AI,,SF Bay Area,,,Seed,$8M,8000000,Dec 2025,Forerunner,,"Marissa Mayer's consumer AI startup; ""expand team"" stated",,,,,False,False,claude_research,
Rime Labs,https://rime.ai,,voice AI / rime.ai,"Realistic AI voices, enterprise voice solutions",Seed,$6M,5500000,2025-05-29,,"Unusual Ventures, Founders Collective","Seed stage scaling, voice team",https://rime.ai/jobs,Lily Clifford,https://www.linkedin.com/pub/dir/Lily/Clifford/us-0-United-States,https://rime.ai/resources/seed,False,False,vapicon_research,AI voice technology enterprise platform
Cashmere,https://www.cashmereai.com,Salt Lake City,UT,AI + data infrastructure,AI-powered client acquisition & rights-managed data infra,,0,5000000,,Reach Capital,Team expansion for product & GTM,https://utah.vc/p/cashmere-secures-5m-seed-round,https://utah.vc/p/cashmere-secures-5m-seed-round,Jonathan Woahn,"Pelion Venture Partners, Peterson Partners, Assure Syndicates, others",False,False,perplexity,
1mind,https://1mind.com,San Francisco,CA,AI for GTM,AI sales agent / AI-led growth platform,,0,30000000,,Battery Ventures,Headcount expansion post-Series A,https://www.thesaasnews.com/news/1mind-raises-30-million-series-a,https://aimmediahouse.com/ai-startups/1mind-raises-30-million-series-a-to-scale-ai-sales-agent-mindy,Amanda Kahlow,"Bain Capital Ventures, Craft Ventures, others",False,False,perplexity,
Fastbreak AI,https://www.fastbreak.ai,Charlotte,NC,Sports tech / SaaS,AI scheduling and operations for sports leagues,,0,40000000,,Greycroft,"Scaling product, ops and GTM",https://www.prnewswire.com/news-releases/fastbreak-ai-raises-40-million-series-a-to-fuel-expansion-across-pro-and-amateur-sports-301989958.html,https://www.prnewswire.com/news-releases/fastbreak-ai-raises-40-million-series-a-to-fuel-expansion-across-pro-and-amateur-sports-301989958.html,Alex Pastor,GTMfund and other sports/tech investors,False,False,perplexity,
Giga,https://giga.ai,San Francisco,CA,AI customer support,Emotionally intelligent AI support agents,,0,61000000,,Redpoint Ventures,Scaling engineering and GTM teams,https://finance.yahoo.com/news/giga-raises-61m-funding-reinvent-171500172.html,https://finance.yahoo.com/news/giga-raises-61m-funding-reinvent-171500172.html,(CEO not clearly disclosed in PR),"Y Combinator, Nexus Venture Partners, others",False,False,perplexity,
Metropolis Technologies,https://www.metropolis.io,Santa Monica / Los Angeles,CA,AI + physical commerce,AI-powered checkout-free parking & physical commerce network,,0,500000000,5000000000,"Eldridge, 3L Capital (debt led by Eldridge)",Massive post-raise hiring across functions,https://www.reuters.com/business/media-telecom/softbank-backed-metropolis-raises-16-bln-expand-beyond-ai-powered-parking-lots-2025-11-06/,https://job-boards.greenhouse.io/metropolis,Alex Israel,"Kindred, Dragoneer, Slow Ventures, A16Z, others",False,False,perplexity,
CHAOS Industries,https://www.chaosinc.com,Los Angeles,CA,Defense tech / AI sensing,Coherent Distributed Networks radar & sensing systems,,0,510000000,4500000000,Valor Equity Partners,Expanding R&D and manufacturing,https://www.businesswire.com/news/home/20251113579391/en/CHAOS-Industries-Raises-$510-Million-Led-by-Valor-Equity-Partners-to-Accelerate-Next-Generation-Defense-Systems,https://www.businesswire.com/news/home/20251113579391/en/CHAOS-Industries-Raises-$510-Million-Led-by-Valor-Equity-Partners-to-Accelerate-Next-Generation-Defense-Systems,(CEO not specified in PR),"XYZ Capital, other strategics",False,False,perplexity,
Fiddler AI,https://www.fiddler.ai,Palo Alto,CA,AI observability / security,AI observability platform & control plane for models/agents,,0,30000000,,RPS Ventures,Broad hiring across eng + GTM,https://www.businesswire.com/news/home/20260127042634/en/Fiddler-Raises-$30M-Series-C-to-Power-the-Control-Plane-for-AI-Agents,https://www.businesswire.com/news/home/20260127042634/en/Fiddler-Raises-$30M-Series-C-to-Power-the-Control-Plane-for-AI-Agents,Krishnaram Kenthapadi (CEO),"Lightspeed, Lux Capital, Insight Partners, Capgemini Ventures, Dallas VC, Dentsu Ventures, Mozilla Ventures, LG Tech Ventures, Benhamou Global Ventures",False,False,perplexity,https://www.fiddler.ai/careers
Saviynt,,"El Segundo, CA",,,Series B,$700M,700000000,Dec 2025,KKR,,Largest identity security round ever; $3B valuation,,,,,False,False,claude_research,
Etched,https://etched.com,"San Jose, CA",,,,$500M,500000000,January 2026,Stripes | **$5B valuation**,,"Funds for ""chip design, fabrication partnerships, and AI accelerator development."" Peter Thiel among investors. Hardware startups hire chip designers, ML systems engineers, verification engineers at scale.",,,,,False,False,claude_research,
Unconventional AI,,US,,,Seed,$475M,475000000,Dec 2025,"a16z, Lightspeed",,Brain-inspired AI computing; $4.5B valuation,,,,,False,False,claude_research,
Skyryse,https://skyryse.com,US-based,,,Series C,$300M,300000000,February 2026,"Autopilot Ventures, Fidelity | **$1.15B valuation**",,"Will use funding to ""accelerate FAA certification and bring SkyOS to more aircraft."" Seeking FAA approval for Skyryse One in 2026. Significant regulatory and engineering expansion needed.",,,,,False,False,claude_research,
Function Health,,"Austin, TX",,,Series B,$298M,298000000,Nov 2025,Redpoint,,Longevity/lab tests; $2.5B valuation,,,,,False,False,claude_research,
OpenEvidence,,US,,,Growth,$250M,250000000,Jan 2026,"Thrive, DST",,AI for physicians; $12B valuation; 10x increase in <1 year,,,,,False,False,claude_research,
Suno Inc.,,Massachusetts,,,Series C,$250M,250000000,Nov 2025,"Menlo, Nvidia",,AI music generation; $2.45B valuation,,,,,False,False,claude_research,
Modular,,"San Jose, CA",,,Series B,$220M,220000000,,,,**,,,,,False,False,genspark,
JetZero,https://jetzero.aero,"Long Beach, CA",,,Series B,$175M,175000000,January 2026,B Capital,,"Funding will ""accelerate development"" of full-size Demonstrator prototype. Co-founders Tom O'Leary (CEO) and Mark Page (aerospace legend). Strategic investors include United Airlines Ventures, Northrop Grumman, 3M Ventures, RTX Ventures. Total raised $1B+ including government grants. First flight 20",,Tom O,,,False,False,claude_research,
Perplexity,,"San Francisco, CA",,,Series C,$175M,175000000,,,,**,,,,,False,False,genspark,
PaleBlueDot AI,https://palebluedot.ai,San Francisco Bay Area,AI infrastructure,"AI compute / ""neocloud"" GPU cloud",Series B,$150M,150000000,2026-01-28,B Capital,"Sequoia Capital, Lightspeed Venture Partners, Coatue, others",Funding will be used to scale the AI compute platform globally and attract technical talent for platform engineering and AI Cloud offerings.,https://palebluedot.ai/#careers,(Not disclosed in PR),,https://finance.yahoo.com/news/palebluedot-ai-raises-150m-series-150000888.html,False,False,perplexity,
Curative,,"Austin, TX",,,Series B,$150M,150000000,Dec 2025,Upside Vision,,Free out-of-pocket health plan; $1.27B valuation,,,,,False,False,claude_research,
Runway,,"New York, NY",,,Series D,$141M,141000000,,,,**,,,,,False,False,genspark,
Anthropic,,"San Francisco, CA",,,Strategic,$140M,140000000,,,,**,,,,,False,False,genspark,
Angle Health,,"San Francisco, CA",,,Series B,$134M,134000000,Dec 2025,Portage Ventures,,AI platform for healthcare benefits,,,,,False,False,claude_research,
Character.AI,,"San Francisco, CA",,,Series B,$132M,132000000,,,,**,,,,,False,False,genspark,
Deepgram,https://deepgram.com,,voice AI / deepgram.com,Real-time API platform for voice AI,Series B,$130M,130000000,2026-01-13,$1300000000,AVP,200+,"35+ open positions, active on multiple job boards",https://jobs.ashbyhq.com/Deepgram,Scott Stephenson,"$50B+ voice AI market, 1300+ customers",False,True,vapicon_research,Alkeon In-Q-Tel Madrona Tiger Wing Y Combinator Alumni Ventures Princeville Twilio ServiceNow SAP Citi
7AI,,"Boston, MA",,,Series A,$130M,130000000,Dec 2025,Index Ventures,,AI agents for security; 10 months since stealth launch,,,,,False,False,claude_research,
Valar Atomics,,"Hawthorne, CA",,,Series A,$130M,130000000,Nov 2025,Palmer Luckey et al.,,"Nuclear reactor gigasites; ""advance reactor design""",,,,,False,False,claude_research,
Kindred,,"San Francisco, CA",,,Series B+C,$125M,125000000,Feb 2026,"NEA, Index",,Home-swapping network; 300K members,,,,,False,False,claude_research,
Varo Bank,,"San Francisco, CA",,,Growth,$124M,123900000,Feb 2026,Multiple,,All-digital chartered bank,,,,,False,False,claude_research,
MindsDB,,"Berkeley, CA",,,Series C,$120M,120000000,,,,**,,,,,False,False,genspark,
Lyte AI,https://lyte.ai,"Mountain View, CA",,,Series A,$107M,107000000,February 2026,Sequoia Capital,,"Funding will ""**scale product development and hire for its Boston-based team**."" Founded by HubSpot veterans. AI/ML engineers for agent development, sales automation specialists, enterprise software engineers all needed.",,,,,False,False,claude_research,
Antithesis,,"Tysons Corner, VA",,,Series A,$105M,105000000,Dec 2025,Jane Street,,Simulation testing for software,,,,,False,False,claude_research,
Parallel,,US,,,Series A,$100M,100000000,Nov 2025,"Index, Kleiner",,Web infrastructure for AI agents,,,,,False,False,claude_research,
Cambium,,"El Segundo, CA",,,Series B,$100M,100000000,Jan 2026,8VC,,Advanced materials for defense/aerospace,,,,,False,False,claude_research,
Harvey,,"San Francisco, CA",,,Series C,$100M,100000000,,,,**,,,,,False,False,genspark,
Copy.AI,,"Boston, MA",,,Series C,$98M,98000000,,,,**,,,,,False,False,genspark,
Jasper,,"Austin, TX",,,Series C,$95M,95000000,,,,**,,,,,False,False,genspark,
Type One Energy,,Wisconsin,,,Conv. Note,$87M,87000000,Jan 2026,Breakthrough Energy,,Nuclear fusion; pursuing $250M Series B,,,,,False,False,claude_research,
Adaptive Security,,"New York, NY",,,Series B,$81M,81000000,Dec 2025,Bain Capital,,Deepfake attack simulations; OpenAI Startup Fund invested,,,,,False,False,claude_research,
Mesh (crypto),,"San Francisco, CA",,,Series C,$75M,75000000,Jan 2026,Dragonfly,,Crypto payment processing; $1B valuation,,,,,False,False,claude_research,
Model ML,,"New York, NY",,,Series A,$75M,75000000,Nov 2025,MFO Ventures,,AI tools for finance deal processing,,,,,False,False,claude_research,
Gradium,,US,,,Seed,$70M,70000000,Dec 2025,Deep tech VCs,,Ultra-low-latency voice AI,,,,,False,False,claude_research,
Ares Interactive,,"San Francisco, CA",,,Series A,$70M,70000000,Feb 2026,Multiple,,Game development studio,,,,,False,False,claude_research,
Gamma,,"San Francisco, CA",,,Series B,$68M,68000000,Nov 2025,Multiple,,AI presentations; $2.1B valuation,,,,,False,False,claude_research,
Cubby Storage,,"New York, NY",,,Series A,$63M,63000000,Jan 2026,Goldman Sachs,,Property management for storage,,,,,False,False,claude_research,
Medra,https://www.medra.ai,,Physical AI / lab robotics,,Series A,$52M,52000000,2025-12-10,,,https://finance.yahoo.com/news/medra-raises-52-million-series-130000298.html; https://siliconangle.com/2025/12/10/medra-developer-ai-powered-lab-robots-scientists-advance-drug-discovery-raises-52m/; https://hlth.com/insights/news/medra-raises-52m-partners-with-genentech-2025-12-15,funding + partnership,,,https://finance.yahoo.com/news/medra-raises-52-million-series-130000298.html,False,False,perplexity,
Arbiter,,"New York, NY",,,Seed,$52M,52000000,Nov 2025,"QED, YC",,AI healthcare orchestration; founded 2025,,,,,False,False,claude_research,
Numeric,,"San Francisco, CA",,,Series B,$51M,51000000,Nov 2025,IVP,,"AI accounting automation; ""scale product and enterprise GTM""",,,,,False,False,claude_research,
Hume AI,https://www.hume.ai,,emotional AI / hume.ai,"Empathic Voice Interface, emotional analysis",Series B,$50M,50000000,2024-03-12,,"EQT Ventures, Union Square Ventures","Strong product focus, recent $50M funding",https://www.hume.ai/careers,Alan Cowen,https://www.linkedin.com/in/alan-cowen,https://www.hume.ai/blog/series-b-evi-announcement,False,False,vapicon_research,Emotionally intelligent voice AI platform
Adaption Labs,,US,,,Seed,$50M,50000000,Feb 2026,Undisclosed,,Large seed for adaptive AI models,,,,,False,False,claude_research,
Runware,,US,,,Series A,$50M,50000000,Late 2025,Dawn Capital,,Single API for 2M+ AI models,,,,,False,True,claude_research,
Nanit,,"New York, NY",,,Growth,$50M,50000000,Jan 2026,Springcoast Partners,,Smart baby monitors with AI,,,,,False,False,claude_research,
Maybern,,"New York, NY",,,Series B,$50M,50000000,Nov 2025,"Khosla, Bezos",,Fund operations for private capital,,,,,False,False,claude_research,
Duetti,,"New York, NY",,,Series C,$50M,50000000,Jan 2026,Raine Group,,Financing platform for independent artists,,,,,False,False,claude_research,
RapidFort,,"Palo Alto, CA",,,Series A,$42M,42000000,Feb 2026,"Blue Cloud, Forgepoint",,"""Scale sales and partnerships""; Fortune 500 customers",,,,,False,False,claude_research,
Agentio,,"New York, NY",,,Series B,$40M,40000000,Nov 2025,Forerunner,,AI-native advertising for creators,,,,,False,False,claude_research,
Orion Security,,"New York, NY",,,Series A,$32M,32000000,Feb 2026,Norwest,,AI-driven contextual data security,,,,,False,False,claude_research,
Bedrock Data,,US,,,Series A,$25M,25000000,Dec 2025,Greylock,,"DSPM at scale; ""accelerate product and go-to-market""",,,,,False,False,claude_research,
Checkbox,,,,,Series A,$23M,23000000,,,,[If mentioned],,,,,False,True,genspark,
Linq,,US,,,Series A,$20M,20000000,Feb 2026,TQ Ventures,,"""Twilio of AI messaging"" for agents",,,,,False,True,claude_research,
Prime Security,,"New York, NY",,,Series A,$20M,20000000,Dec 2025,Scale Venture Partners,,"""Agentic Security Architect""; PayPal, Qualtrics customers",,,,,False,False,claude_research,
Kasada,,"New York, NY",,,Growth,$20M,20000000,Feb 2026,EQT,,Bot attack and fraud prevention,,,,,False,False,claude_research,
Mia Labs,,"Austin, TX",,,Series A,$20M,20000000,Jan 2026,Permanent Capital,,AI for automotive dealerships,,,,,False,False,claude_research,
Gladia,https://www.gladia.io,,audio transcription / gladia.io,"Real-time audio processing, speech-to-text",Series A,$16M,16000000,2024-10-15,,"XAnge, multiple investors","Moving to NYC, building global team",https://www.gladia.io/careers,Jean-Louis Quéguiner,https://www.linkedin.com/in/jlqueguiner,https://www.gladia.io/blog/road-to-real-time-audio-ai-series-a,False,False,vapicon_research,Multilingual real-time transcription API
EnFi,,"Boston, MA",,,Series A,$15M,15000000,Feb 2026,Fintop,,AI credit analysts for regional banks,,,,,False,False,claude_research,
Multifactor,,"San Francisco, CA",,,Seed,$15M,15000000,Dec 2025,"Nexus, YC",,YC Fall 2025 cohort,,,,,False,False,claude_research,
SkyFi,,"Austin, TX",,,Series A,$13M,12700000,Jan 2026,"Buoyant, IronGate",,"Satellite imagery; ""accelerate product development""",,,,,False,True,claude_research,
Mesh Security,,"Palo Alto, CA",,,Series A,$12M,12000000,Jan 2026,Lobby Capital,,Cybersecurity mesh platform,,,,,False,False,claude_research,
Concourse,,"New York, NY",,,Series A,$12M,12000000,Jan 2026,Standard Capital,,AI agents for financial analysis,,,,,False,False,claude_research,
Lemon Slice,,US,,,Seed,$10M,10500000,Dec 2025,"Matrix, YC",,"Digital avatars; ""plans to hire engineering and go-to-market staff""",,,,,False,False,claude_research,
Whetstone Research,,"New York, NY",,,Seed,$9M,9000000,Feb 2026,Pantera Capital,,On-chain price discovery,,,,,False,False,claude_research,
Kilo Code,,US,,,Seed,$8M,8000000,Early 2026,Cota Capital,,"750K+ downloads; building ""all-in-one agentic platform""",,,,,False,False,claude_research,
Graici,,"Cleveland, OH",,,Series A,$8M,7500000,Feb 2026,Santé Ventures,,AI-powered Medicaid renewal platform,,,,,False,False,claude_research,
Derapi,,"San Francisco, CA",,,Seed,$7M,7000000,Feb 2026,Earthshot Ventures,,Grid software for energy/utilities,,,,,False,False,claude_research,
Cellens,,"Boston, MA",,,Seed,$6M,6500000,Jan 2026,"SOSV, Labcorp",,AI bladder cancer detection,,,,,False,False,claude_research,
Transition Metal Solutions,,"Berkeley, CA",,,Seed,$6M,6500000,Jan 2026,Transition Ventures,,Climate tech; copper extraction from mining waste,,,,,False,False,claude_research,
Cork Protocol,,"New York, NY",,,Seed,$6M,5500000,Jan 2026,"Road, a16z crypto",,Tokenized risk infrastructure,,,,,False,False,claude_research,
Tesoro XP,,"Austin, TX",,,Seed,$5M,5400000,Jan 2026,"Treasury, TK MediaTech",,Retail-funded rewards for gaming,,,,,False,False,claude_research,
Formulary Financial,,"New York, NY",,,Seed,$5M,4600000,Jan 2026,Khosla Ventures,,AI-powered fund administration,,,,,False,False,claude_research,
Claim Health,,"New York, NY",,,Seed,$4M,4400000,Jan 2026,Maverick Ventures,,AI revenue ops for post-acute care,,,,,False,False,claude_research,
beHuman,,"Miami, FL",,,Seed,$4M,4000000,Feb 2026,Santé Ventures,,AI cancer detection for underserved populations,,,,,False,False,claude_research,
Ciphero,,"New York, NY",,,Pre-Seed,$2M,2500000,Jan 2026,"Sovereign's, Chingona",,AI verification layer; ex-Fakespot founders,,,,,False,False,claude_research,
15 companies have open source contributions\n,,,,,,$22,22,,,,content\n\n---\n\n## 📈 DATABASE COMPLETION SUMMARY\n\n### TOTAL FOUNDER PROFILES EXTRACTED: 267 Founders\nBreaking down across all 78 companies:\n\n| Role | Count | Email Verified | Social Verified |\n|----------|-----------|-------------------|-------------------|\n| CEO/Co-founder | 78 | 76 (97%) ,,PROFILES EXTRACTED: 267 Founders\nBreaking down across all 7,,,False,False,genspark,
Up to 2,,,,,,$3,3,,,,- Public speaking or content creation,,,,,False,False,genspark,
AirOps,https://www.airops.com,New York,NY & San Francisco,CA,Martech / AI content,,0,Series B,USD,225000000,10-20,"Uncork Capital, Founder Collective, other seed backers",Company calls itself in hyper-growth with 5x revenue year-over-year; PR and job posts show active hiring for Content Engineers and GTM roles.,https://www.airops.com/careers,Greylock,False,False,perplexity,
Majestic Labs,https://majesticlabs.ai,Los Altos,CA & Tel Aviv,Israel,AI hardware / infra,,0,Series A,USD,>1000000000,10-20,"Lux Capital, Eclipse, private investors","PR states that new funding will be used to expand its team of AI, silicon and systems experts to build memory-dense AI servers.",https://finance.yahoo.com/news/led-ex-google-meta-executives-140000914.html,Bow Wave Capital,False,False,perplexity,
302677666 = Arbor ✅,,,,,,$303M,302675822,,,,,,,,,False,False,genspark,
302674621 = VulcanForms ✅,,,,,,$303M,302672708,,,,,,,,,False,False,genspark,
302672523 = A47 ✅,,,,,,$303M,302670061,,,,,,,,,False,False,genspark,
302670029 = Mine ✅,,,,,,$303M,302666328,,,,,,,,,False,False,genspark,
302665890 = Preply ✅,,,,,,$303M,302664752,,,,,,,,,False,False,genspark,
302663447 = Fleetzero ✅,,,,,,$303M,302660632,,,,,,,,,False,False,genspark,
302659319 = WitnessAI ✅,,,,,,$303M,302646010,,,,,,,,,False,False,genspark,
Perplexity - AI Search,,,,,Series C,$175M,175000000,,,,,,,,,False,False,genspark,
Runway - AI Video,,,,,Series D,$141M,141000000,,,,,,,,,False,False,genspark,
Anthropic - AI Safety,,,,,,$140M,140000000,,,,,,,,,False,False,genspark,
Character.AI - Conversational AI,,,,,Series B,$132M,132000000,,,,,,,,,False,False,genspark,
Harvey - Legal AI,,,,,Series C,$100M,100000000,,,,,,,,,False,False,genspark,
19%)\n- Deepgram - Voice AI,,,,,Series C,$100M,100000000,,,,,,,,,False,False,genspark,
17%)\n- Boston: Copy.AI - AI Marketing,,,,,Series C,$98M,98000000,,,,,,,,,False,False,genspark,
Synthesia,,London (note: non-US but research),,,Series C,$90M,90000000,,,,,,,,,False,False,genspark,
Tome - Presentations AI,,,,,Series B,$85M,85000000,,,,,,,,,False,False,genspark,
Snorkel AI - Data Programming,,,,,Series C,$85M,85000000,,,,,,,,,False,False,genspark,
Tome,,"San Francisco, CA",,,Series B,$85M,85000000,,,,,,,,,False,False,genspark,
Snorkel AI,,"Palo Alto, CA",,,Series C,$85M,85000000,,,,,,,,,False,False,genspark,
Nanonets,,"San Francisco, CA",,,Series C,$82M,82000000,,,,,,PROFILES:**,,,False,False,genspark,
Moveworks - IT Automation,,,,,Series C,$80M,80000000,,,,,,,,,False,False,genspark,
Moveworks,,"Mountain View, CA",,,Series C,$80M,80000000,,,,,,PROFILES:**,,,False,False,genspark,
Pachyderm - Data Infrastructure,,,,,Series C,$78M,78000000,,,,,,,,,False,False,genspark,
Pachyderm,,"San Francisco, CA",,,Series C,$78M,78000000,,,,,,PROFILES:**,,,False,False,genspark,
Labelbox,,"San Francisco, CA",,,Series C,$75M,75000000,,,,,,PROFILES:**,,,False,False,genspark,
Weights & Biases,,"San Francisco, CA",,,Series C,$75M,75000000,,,,,,PROFILES:**,,,False,False,genspark,
Landing AI - Computer Vision,,,,,Series B,$70M,70000000,,,,,,,,,False,False,genspark,
Landing AI,,"Palo Alto, CA",,,Series B,$70M,70000000,,,,,,PROFILES:**,,,False,False,genspark,
Octane AI - Conversational AI,,,,,Series B,$68M,68000000,,,,,,,,,False,False,genspark,
Octane AI,,"San Francisco, CA",,,Series B,$68M,68000000,,,,,,PROFILES:**,,,False,False,genspark,
Rasa - Conversational AI,,,,,Series C,$65M,65000000,,,,,,,,,False,False,genspark,
Rasa,,"San Francisco, CA",,,Series C,$65M,65000000,,,,,,PROFILES:**,,,False,False,genspark,
H2O.ai - AutoML Platform,,,,,Series D,$62M,62000000,,,,,,,,,False,False,genspark,
H2O.ai,,"Mountain View, CA",,,Series D,$62M,62000000,,,,,,PROFILES:**,,,False,False,genspark,
Comet - ML Experimentation,,,,,Series C,$60M,60000000,,,,,,,,,False,False,genspark,
Comet,,"New York, NY",,,Series C,$60M,60000000,,,,,,PROFILES:**,,,False,False,genspark,
Fiddler - AI Monitoring,,,,,Series C,$58M,58000000,,,,,,,,,False,False,genspark,
Fiddler,,"Palo Alto, CA",,,Series C,$58M,58000000,,,,,,PROFILES:**,,,False,False,genspark,
K Health - Health AI,,,,,Series C,$50M,50000000,,,,,,,,,False,False,genspark,
Jetson,,"Verify: Jan 20, 2026",,,Series A,$50M,50000000,,,,,,,,,False,True,genspark,
GrubMarket,,,,,Series H,$50M,50000000,,,,,,,,,False,True,genspark,
K Health,,"New York, NY",,,Series C,$50M,50000000,,,,,,PROFILES:**,,,False,False,genspark,
HOLYWATER,,"Verify: Jan 15, 2026",,,Series A,$22M,22000000,,,,,,,,,False,True,genspark,
Chamelio,,"Verify: Jan 27, 2026",,,Seed,$10M,10000000,,,,,,,,,False,True,genspark,
Furl,,"Verify: Jan 21, 2026",,,Seed,$10M,10000000,,,,,,,,,False,True,genspark,
Arbor,,Verify recency,,,Series A,$6M,6300000,,,,,,,,,True,True,genspark,
BizTrip AI,,"Verify: Feb 2, 2026",,,Seed,$2M,1500000,,,,,,,,,False,False,genspark,
200+ conference speaking engagements (ongoing,,,,,,$2K,2025,,,,,,,,,False,False,genspark,
150+ technical publications and research papers\n,,,,,,$85,85,,,,,,,,,False,False,genspark,
"San Francisco, CA (Apr 29",,,,,,$30,30,,,,,,,,,False,False,genspark,
"Fort Lauderdale, FL (Jul 23",,,,,,$29,29,,,,,,,,,False,False,genspark,
"San Francisco, CA (Jun 24",,,,,,$27,27,,,,,,,,,False,False,genspark,
"San Francisco, CA (Jun 23",,,,,,$26,26,,,,,,,,,False,False,genspark,
"San Diego, CA (Dec 14",,,,,,$20,20,,,,,,,,,False,False,genspark,
"Las Vegas, NV (Aug 11",,,,,,$15,15,,,,,,,,,False,False,genspark,
"San Diego, CA (Feb 11",,,,,,$13,13,,,,,,,,,False,False,genspark,
May 4,,,,,,$8,8,,,,,,,,,False,False,genspark,
May 6,,,,,,$7,7,,,,,,,,,False,False,genspark,
"Las Vegas, NV (Dec 1",,,,,,$5,5,,,,,,,,,False,False,genspark,
Extract at minimum 3,,,,,,$5,5,,,,,,contact details.,,,False,False,genspark,
"Speaker Lists & Sponsor Extraction"", ""project_id"": ""f3f63c64",,,,,,$1,1,,,,,,,,,False,False,genspark,
Total companies in CSV: {len(csv_data),,,,,,$1,1,,,,,,,,,False,False,genspark,
